X1,X2,X3,X4,X5,X6,X7,X8,X9,X10,y
3.86,0.17,5.83,8.63,1.42,8.98,9.13,7.58,0.07,1.18,1
9.99,7.53,8.52,4.8,9.54,4.68,3.86,8.17,4.76,3.74,1
5.56,2.17,1.64,3.11,4.41,3.9,8.98,8.94,1.16,7.87,1
5.66,8.62,6.4,8.47,2.21,2.56,3.41,6.22,6.86,4.62,1
7.8,5.23,3.75,6.71,2.87,5.81,2.5,0.8,6.32,5.12,1
9.81,1.99,5.88,4.86,4.68,6.11,2.59,6.13,3.98,5.12,1
7.37,3.56,0.51,8.74,5.2,9.04,7.34,7.13,1.42,0.23,1
1.02,2.93,9.95,4.49,7.45,9.3,3.14,0.09,2.78,2.86,1
0.72,0.81,9.41,9.39,0.67,4.52,5.52,8.05,3.23,4.8,1
5.87,8.48,2.95,8.3,5.64,2.16,2.04,3.05,7.2,3.9,1
5.64,4.18,2.71,4.77,8.91,6.79,8.53,3.42,2.47,0.59,1
9.29,9.94,5.43,5.66,1.75,1.37,4.44,6.41,0.98,3.04,1
3.64,4.73,9.92,5.8,4.54,0.87,7.15,8.4,9.07,8.56,1
1.47,3.51,3.4,9.23,9.55,5.58,2.51,0.84,2.01,8.76,1
8.34,9.77,4.15,8.82,0.82,3.19,6.21,6.71,5.5,6.09,1
3.13,1.24,2.29,6.19,4.5,3.5,1.07,2.89,9.37,0.22,0
7.72,7.33,0.66,4.67,1.59,8.63,2.18,7.55,3.86,0.55,1
6.84,5.28,6.49,5.97,4.48,6.08,1.2,4.41,0.23,3.62,1
8.94,1.58,0.24,0.23,0.68,1.29,7.7,6.05,7.89,2.01,1
9.4,7.55,6.28,2.24,9.42,0.21,6.59,9.95,4.27,5.91,1
3.51,4.45,7.1,4.59,7.12,2.71,1.38,9.46,8.73,0.35,1
8.58,9.72,7.2,2.59,9.22,0.19,2.7,1.99,7.11,3.35,1
2.58,8.33,2.49,7.82,9.09,0.3,4.4,8.88,5.96,1.56,1
1.8,0.35,5.54,7.03,4.5,7.67,2.49,1.52,9.82,5.24,1
0.67,2.89,9.77,9.4,8.01,4.67,9.57,4.9,8.45,4.12,1
8.45,8.59,8.88,6.47,4.2,6.29,7.42,9.33,6.37,4.19,1
4.12,5.77,4.69,9.97,4.18,0.1,3.19,6.47,7.3,0.23,0
1.37,8.65,8.9,6.79,1.59,7.19,6.21,1.95,1.47,5.94,1
3.94,1.4,8.84,2.08,8.49,9.83,6.25,8.54,3.49,2.44,1
8.91,4.85,1.44,0.06,7.57,6.74,5.97,4.44,5.18,0.46,1
9.14,5.23,4.26,8.8,1.82,4.61,2.33,6.02,1.13,2.07,0
3.25,5.55,0.18,0.52,8.55,9.56,6.72,6.97,3.63,4.1,1
3.14,5.3,9.25,6.78,9.94,7.26,2.92,6.64,4.3,9.6,1
9.89,9.01,8.28,5.08,5.34,9.7,7.73,9.48,7.61,5.14,1
5.01,4.22,3.33,9.77,3.55,9.83,7.92,6.4,4.7,6.86,1
6.52,6.3,5.44,9.6,2.19,8.28,3.71,5.2,1.36,5.92,1
7.44,6.85,1.19,4.37,3.86,3.19,5.52,3.42,4.98,5.21,1
6.83,0.88,6.52,1.99,6.69,5.89,3.17,8.43,9.24,8.14,1
4.98,0.47,2.62,8.67,6.17,3.08,3.63,8.57,4.53,5.12,1
1.69,8.2,9.16,7.8,0.0,1.98,1.98,4.99,6.44,8.12,1
3.82,8.72,6.31,6.07,2.59,7.86,8.95,0.29,0.78,9.44,1
0.04,7.94,2.33,4.2,1.02,0.69,8.35,8.09,1.07,2.18,1
8.46,8.74,7.75,2.95,2.98,5.48,3.71,9.76,5.55,4.82,1
9.33,5.94,0.46,1.42,5.95,9.3,0.42,9.78,0.21,3.39,1
2.56,8.64,6.06,9.51,3.27,4.51,4.33,2.54,6.23,6.08,1
4.2,9.87,6.36,6.41,2.38,1.71,9.2,3.58,4.9,7.01,1
9.91,9.31,9.26,2.18,6.02,4.29,8.14,6.5,5.77,9.72,1
8.69,0.25,4.0,9.8,3.3,4.68,5.47,5.74,0.68,6.46,1
6.38,6.14,7.55,0.17,4.78,7.77,4.66,9.41,9.86,4.66,1
4.27,4.68,8.07,5.09,6.58,0.33,4.57,4.89,6.55,9.22,1
7.58,3.78,5.85,6.78,5.47,7.34,5.87,9.43,3.48,4.94,1
5.88,8.5,5.59,4.12,6.63,4.1,3.79,1.02,2.63,3.86,1
6.09,2.59,5.53,6.75,7.3,0.43,6.92,6.71,4.31,9.83,1
9.6,7.25,7.77,6.17,0.65,5.27,4.47,6.07,2.29,0.55,1
6.86,2.43,4.48,2.77,3.87,9.62,7.08,7.12,7.88,6.2,1
1.35,4.27,2.11,8.24,5.12,6.4,9.95,5.57,7.13,0.41,1
6.98,7.05,5.7,1.21,8.62,6.4,6.79,5.3,5.14,7.81,1
9.74,5.42,5.82,8.47,5.1,4.87,2.72,4.25,5.05,3.55,1
2.34,8.55,6.77,2.99,0.19,8.83,4.22,2.54,2.29,2.07,1
9.5,2.62,1.87,6.04,3.87,0.23,5.02,3.98,1.71,8.6,1
1.2,5.85,9.28,4.02,8.14,2.29,6.86,8.21,7.57,0.24,1
0.51,5.51,1.08,0.01,5.91,5.91,1.28,8.61,4.58,9.04,1
8.9,1.16,4.88,9.79,4.33,8.35,1.18,2.02,7.39,6.75,1
0.69,8.91,4.1,9.22,4.39,0.33,3.05,4.6,8.02,5.13,1
8.81,0.9,6.19,1.85,7.68,8.86,8.54,0.73,5.06,9.44,1
7.38,5.7,2.48,8.16,3.73,1.44,4.31,7.89,2.1,1.12,0
5.14,7.03,2.34,0.45,2.46,0.28,6.43,6.86,1.05,6.97,1
7.36,4.17,7.25,2.72,2.38,3.81,2.42,6.6,8.46,8.23,1
3.23,5.49,1.17,0.5,3.04,2.85,7.29,4.58,9.31,6.3,1
0.75,8.22,1.57,7.73,9.81,4.68,3.94,3.98,5.19,7.52,1
8.85,4.51,3.81,2.31,2.94,2.62,9.33,4.03,9.4,9.85,1
1.29,3.26,1.33,9.88,7.65,6.11,6.0,6.14,4.78,3.33,1
3.72,2.95,6.83,9.26,8.95,6.59,6.55,8.89,6.1,9.61,1
1.24,1.09,5.13,3.24,5.65,0.95,6.79,5.29,0.87,9.11,1
9.18,8.01,7.03,6.14,0.05,6.16,5.22,8.67,8.03,2.62,1
5.04,5.61,4.66,3.76,7.2,9.07,3.87,7.2,5.69,1.75,1
0.0,8.69,3.47,4.52,3.36,5.58,7.32,5.9,8.15,7.85,1
5.66,0.02,5.69,0.28,9.94,1.66,5.06,1.37,8.02,8.5,1
9.55,4.87,8.08,1.58,7.99,4.68,5.85,7.19,7.33,7.14,1
9.22,4.98,1.91,7.82,1.03,8.65,5.35,4.79,6.77,2.69,1
1.53,0.18,7.63,1.28,3.37,1.23,9.72,7.99,5.61,5.8,1
0.38,0.09,3.8,0.81,6.65,4.8,1.43,8.88,1.81,9.1,1
0.56,6.28,7.92,6.29,6.82,0.81,1.03,9.91,6.65,2.84,1
6.4,3.57,0.13,8.08,8.27,9.61,3.48,2.44,7.14,4.53,1
2.22,8.09,4.56,1.38,8.63,0.08,4.43,9.71,7.66,9.91,1
4.29,9.37,1.34,3.85,6.23,9.66,2.56,9.24,3.64,10.0,1
4.67,5.79,6.36,1.32,8.06,0.71,1.33,3.63,0.54,0.19,1
6.76,8.53,7.23,3.56,6.89,5.01,7.71,8.44,7.05,5.53,1
0.48,0.34,8.96,0.17,4.87,4.74,6.35,0.81,6.91,1.78,1
9.56,8.11,2.91,1.11,9.69,4.31,7.4,4.92,7.0,8.72,1
6.97,4.91,9.95,3.55,7.18,8.3,0.31,3.6,0.5,7.66,1
8.53,2.7,4.69,0.31,2.47,3.14,1.37,7.08,9.76,0.78,1
4.32,9.73,1.85,2.93,7.35,9.71,2.03,0.03,7.57,2.35,1
9.71,8.86,4.17,6.53,5.73,6.97,5.72,2.59,7.94,3.73,1
5.47,2.02,7.81,7.34,9.07,8.09,1.45,9.31,4.62,5.7,1
4.81,9.13,6.91,8.0,1.41,5.28,0.73,8.99,6.08,4.3,1
0.43,1.52,1.82,6.29,2.78,5.63,6.3,7.81,7.9,5.05,1
0.68,7.99,4.78,5.7,4.57,5.29,8.63,7.59,9.03,6.0,1
0.66,4.68,8.06,7.95,8.03,9.11,0.21,9.09,4.56,9.76,1
6.13,4.42,8.98,2.08,5.8,9.65,8.49,9.91,6.55,2.4,1
4.79,6.45,7.59,0.77,4.53,0.83,1.63,0.3,0.66,0.76,0
8.01,4.7,4.43,8.51,2.34,1.9,4.16,1.47,7.76,2.0,0
6.78,9.79,0.9,2.0,3.75,9.6,2.25,0.84,1.19,7.1,1
1.84,9.57,4.62,4.14,1.49,8.18,1.74,9.31,8.62,3.49,1
3.09,8.25,4.53,2.24,3.51,1.97,4.2,5.85,2.77,9.26,1
6.44,0.71,6.17,7.91,1.52,8.29,3.72,8.73,1.19,3.56,1
4.49,7.62,4.54,5.47,5.98,3.77,3.87,1.75,1.85,8.34,1
8.56,5.78,9.26,6.66,7.8,9.36,1.13,7.53,3.85,3.11,1
4.37,4.44,9.63,9.53,4.08,4.59,3.53,0.14,1.93,6.66,1
0.57,9.18,0.12,7.04,3.08,7.61,7.99,8.85,6.21,5.35,1
1.5,9.66,8.78,3.73,0.88,9.0,2.19,0.61,2.92,2.09,1
7.23,7.97,6.85,5.65,2.83,1.77,0.44,5.62,4.34,8.17,1
1.15,3.89,2.2,8.16,1.42,0.18,5.67,1.14,4.56,9.82,1
9.92,8.52,6.76,8.91,8.69,7.12,3.56,4.7,4.14,8.37,1
8.14,4.41,3.48,9.33,2.8,0.02,7.05,5.95,1.63,3.24,0
9.22,1.15,0.63,7.57,5.26,5.32,5.53,0.16,3.4,6.11,1
5.02,0.02,4.17,8.8,8.32,4.7,7.31,1.79,2.81,8.86,1
7.76,1.99,0.38,0.25,0.05,5.87,3.45,7.15,2.1,0.21,1
1.22,4.84,5.5,2.1,4.64,0.24,9.56,4.69,8.35,4.89,1
5.45,1.79,6.43,1.89,4.82,0.04,5.93,7.99,5.56,7.51,1
2.37,2.36,6.87,5.1,0.05,5.53,6.13,8.68,5.4,0.69,1
9.6,2.58,5.77,5.98,8.45,4.26,2.13,3.75,9.08,1.47,1
0.84,0.99,2.21,3.07,7.22,0.21,9.94,4.91,0.55,2.13,1
4.34,0.65,3.18,8.63,3.18,4.44,5.29,8.16,4.0,4.01,1
9.9,4.8,6.49,0.67,9.44,9.85,5.66,3.54,8.66,4.69,1
7.84,2.0,8.37,2.48,2.13,9.12,0.71,5.09,1.61,5.15,1
6.27,4.71,2.5,1.48,5.5,2.94,5.39,7.83,0.74,3.68,1
4.88,1.03,8.06,1.62,3.28,1.83,4.44,1.12,9.03,2.42,1
6.51,1.19,4.73,9.93,1.97,5.92,1.18,2.56,3.29,0.36,0
5.79,2.07,2.4,4.17,8.28,2.41,8.41,8.78,7.44,4.63,1
3.66,3.16,4.89,3.65,0.17,5.96,8.69,4.22,4.2,4.54,1
7.46,3.45,9.0,1.49,0.13,7.16,4.11,6.48,9.39,3.55,1
1.76,4.08,5.75,1.89,0.25,0.34,1.02,8.84,3.88,4.0,1
0.72,1.73,7.29,6.65,7.24,2.84,5.67,0.27,2.87,9.85,1
3.25,1.38,7.71,0.6,2.46,6.97,2.11,8.33,8.24,0.26,1
1.83,7.32,2.59,4.67,8.64,4.0,8.54,2.21,7.52,7.95,1
2.44,7.32,5.6,7.64,4.35,4.62,9.08,2.04,5.45,6.39,1
1.26,0.86,1.22,6.96,7.98,5.9,6.67,2.83,1.36,2.3,1
6.84,8.53,0.99,0.17,5.05,2.71,3.26,3.98,3.05,2.61,1
8.51,1.83,5.96,6.82,6.05,4.28,9.72,3.61,8.14,1.3,1
9.93,8.03,1.06,7.1,9.68,4.99,4.74,8.3,9.84,4.49,1
2.59,3.35,9.67,8.36,4.31,6.05,1.98,9.52,4.74,6.45,1
2.33,7.27,3.24,8.73,3.97,1.92,2.03,7.71,3.82,9.36,1
2.0,2.82,2.2,4.41,2.43,7.84,4.1,6.94,0.82,3.6,1
7.33,0.05,1.41,2.59,0.7,1.82,3.33,8.05,3.87,1.8,0
1.14,3.7,9.07,6.44,7.17,9.53,9.58,4.42,1.35,4.12,1
5.64,8.09,2.08,2.67,4.78,7.16,3.59,5.12,2.51,4.49,1
5.92,3.24,6.25,0.57,5.09,5.81,6.46,2.76,6.16,3.01,1
5.16,4.66,7.26,8.68,1.58,8.45,5.39,4.03,5.98,1.83,1
7.83,6.82,1.46,7.91,1.69,3.12,3.28,5.43,8.6,0.29,0
8.27,8.54,0.21,0.76,7.07,4.29,7.74,5.57,6.31,3.38,1
8.01,8.7,5.68,6.57,2.33,8.19,7.91,5.55,0.49,6.69,1
8.13,7.76,8.47,8.34,2.54,0.39,0.85,9.69,7.98,8.21,1
5.81,8.55,2.07,0.45,7.49,5.16,0.7,4.97,4.54,8.53,1
0.23,0.86,2.1,1.97,0.85,2.44,4.71,2.81,3.6,2.15,1
1.3,4.94,8.89,4.74,3.74,5.92,5.87,8.04,7.54,5.76,1
0.3,2.14,3.94,2.76,0.88,0.04,2.79,9.28,4.12,2.92,1
5.75,3.92,4.59,6.28,7.49,0.58,6.75,5.97,3.56,8.68,1
6.22,2.21,3.76,6.28,0.36,1.55,5.61,4.24,0.49,5.03,0
1.06,5.82,4.87,5.28,7.62,5.53,9.32,0.74,2.17,5.19,1
3.34,7.76,8.48,3.48,0.42,8.38,3.01,5.8,7.83,9.71,1
1.87,0.58,1.2,8.9,3.85,5.69,3.11,9.34,7.58,3.09,1
6.59,9.76,1.3,2.65,8.68,7.19,0.53,4.9,5.42,6.4,1
9.07,9.2,9.6,9.62,7.82,8.41,1.43,3.72,3.77,4.27,1
8.34,3.08,9.52,9.75,2.39,7.24,1.91,5.49,8.55,5.99,1
6.7,9.1,4.15,2.07,5.06,9.43,3.98,9.33,9.37,8.47,1
0.48,2.37,9.94,0.03,6.43,1.4,1.71,2.19,7.0,3.35,1
4.17,6.6,7.21,9.17,4.46,1.01,1.52,8.17,8.63,4.13,1
6.17,3.06,8.61,0.36,9.33,9.49,0.14,3.72,1.21,8.49,1
0.73,9.79,7.11,2.22,5.48,6.89,5.56,8.73,0.73,3.26,1
7.51,6.82,3.55,3.78,4.85,9.82,4.52,8.96,9.0,3.6,1
8.01,1.94,7.29,8.63,2.42,1.23,6.18,4.13,0.21,4.77,0
5.09,1.52,3.21,0.16,4.41,8.68,9.97,1.43,8.0,7.09,1
2.39,2.34,0.98,3.62,6.05,3.4,8.6,1.62,8.83,3.3,1
4.78,5.63,7.43,5.39,4.11,5.06,8.1,3.12,4.13,9.45,1
1.15,8.12,7.08,4.37,6.43,6.05,6.78,7.18,0.4,0.43,1
8.78,7.07,5.36,0.58,2.34,0.04,6.43,1.01,6.27,9.41,1
7.38,7.6,6.3,0.12,5.52,1.37,2.35,5.89,8.97,7.47,1
8.28,7.68,4.33,6.26,7.63,5.15,0.62,6.74,0.56,8.27,1
9.85,0.85,4.44,4.52,6.59,0.31,4.78,3.04,4.92,0.37,0
9.03,7.09,0.03,2.51,2.99,0.31,3.45,3.11,0.64,8.99,1
1.18,9.2,3.39,9.73,1.82,5.37,4.58,4.82,8.39,8.62,1
8.65,7.87,0.34,5.44,8.61,6.59,9.77,6.13,9.78,3.19,1
4.89,2.5,7.37,2.6,7.9,3.02,5.03,4.64,1.53,4.24,1
5.14,2.04,2.82,9.82,1.68,7.82,2.18,7.1,9.85,4.89,1
1.8,6.8,2.21,1.31,8.24,3.53,1.18,9.69,5.85,4.49,1
2.48,3.39,5.05,6.35,7.53,4.63,7.07,1.85,4.87,1.0,1
1.08,3.14,5.59,6.06,1.88,0.32,2.17,5.33,1.61,3.29,0
1.43,0.5,9.08,1.12,5.69,1.98,6.77,9.11,9.64,5.07,1
9.17,6.24,1.21,2.45,2.65,9.24,4.63,1.28,6.33,5.27,1
9.59,9.96,6.21,7.74,0.11,5.9,9.78,3.02,0.45,9.55,1
1.24,6.22,0.73,6.96,7.49,7.69,1.71,5.25,1.87,7.56,1
3.51,5.68,7.42,8.29,8.86,3.29,5.59,0.74,5.86,4.63,1
3.44,1.57,1.89,4.64,9.04,2.44,5.68,3.3,7.12,3.62,1
9.64,6.45,8.75,6.19,4.88,5.94,4.29,3.58,4.86,6.21,1
3.22,5.59,5.82,2.62,2.34,5.85,5.91,1.67,8.54,4.15,1
2.67,4.77,6.66,4.41,7.18,8.99,3.17,7.0,4.93,4.05,1
1.06,3.58,0.7,9.96,0.0,0.17,5.75,0.27,7.72,3.14,0
8.59,0.87,9.02,5.81,7.61,4.55,4.01,3.79,9.1,6.79,1
0.8,1.87,1.89,2.12,0.21,2.26,6.6,1.62,6.14,4.68,1
3.99,9.83,1.06,7.44,5.0,3.74,8.68,9.69,7.12,9.51,1
5.56,8.33,2.55,8.15,4.47,3.16,4.28,2.74,1.84,3.66,1
7.36,8.63,9.54,0.61,8.2,6.01,5.33,6.09,3.57,4.41,1
5.18,1.17,7.93,8.92,7.09,5.95,6.26,3.51,4.66,4.47,1
0.91,9.8,4.49,7.76,9.01,2.6,0.73,3.26,4.96,0.14,1
4.47,1.46,6.66,4.75,0.84,6.17,8.8,8.03,7.74,3.54,1
4.07,5.33,0.86,8.96,6.41,4.41,4.04,4.38,8.35,5.06,1
7.17,4.65,3.95,7.4,0.58,3.49,4.64,8.69,6.23,3.56,1
2.22,7.04,8.85,4.02,1.44,4.3,5.29,9.36,1.03,9.56,1
5.87,3.5,3.84,8.53,2.43,0.69,1.98,6.24,2.27,9.7,1
1.88,8.09,2.62,7.45,8.23,8.19,9.46,1.39,4.73,0.49,1
3.14,4.53,0.37,3.13,7.23,3.93,7.18,3.54,0.96,9.69,1
8.03,5.06,0.29,6.93,7.95,1.86,5.57,4.87,4.11,3.27,1
6.78,7.95,2.13,6.55,2.59,6.98,5.44,4.97,9.52,7.77,1
5.31,4.07,2.37,6.46,1.42,9.44,1.6,9.39,0.9,2.86,1
5.79,0.31,3.26,2.94,3.03,1.89,6.26,9.67,4.68,3.35,1
7.58,2.74,2.19,2.63,0.46,5.81,6.78,7.67,0.6,7.19,1
0.9,6.09,3.32,3.72,1.21,7.37,1.59,4.07,7.91,8.4,1
3.89,2.1,8.55,7.64,1.07,0.63,9.24,6.64,9.18,5.77,1
3.41,8.79,8.3,9.42,7.15,5.4,0.92,2.69,2.38,5.1,1
1.23,9.51,0.55,1.42,5.49,3.48,4.72,6.66,1.69,9.08,1
7.88,9.84,0.82,4.12,8.39,4.44,4.9,9.72,4.47,5.86,1
5.15,2.39,7.73,9.73,9.07,4.06,4.21,2.93,4.82,1.35,1
0.11,9.39,6.17,2.09,8.9,1.31,8.51,4.93,3.46,6.12,1
9.84,1.1,8.55,8.92,7.45,7.24,3.77,8.7,7.96,8.61,1
0.71,8.37,4.1,6.16,5.02,2.39,9.43,2.82,3.35,7.32,1
3.66,9.65,2.4,0.53,9.22,3.03,2.64,8.75,7.15,5.7,1
5.81,2.62,5.41,0.15,5.79,4.41,6.16,6.46,1.86,7.78,1
6.31,0.03,0.8,5.81,5.8,7.74,9.11,6.34,2.39,7.12,1
8.52,0.17,5.29,4.23,2.94,8.87,8.78,8.59,9.37,1.96,1
1.81,5.04,4.73,7.36,5.44,4.08,1.48,6.7,9.07,1.57,1
2.5,8.18,7.06,9.5,3.69,9.4,0.23,7.92,6.76,8.78,1
2.26,8.33,1.17,6.8,6.23,5.55,6.67,5.29,7.36,9.81,1
3.56,9.56,9.42,1.6,9.42,3.5,5.2,1.8,6.98,5.32,1
7.06,7.01,7.58,3.23,0.97,9.46,3.54,9.49,7.26,3.34,1
9.18,8.9,4.43,4.84,9.0,4.38,8.47,5.89,4.35,3.19,1
0.4,1.62,5.31,7.84,3.22,0.65,9.29,7.37,3.97,6.43,1
4.94,9.62,5.7,4.79,0.16,5.05,1.25,6.87,9.18,8.5,1
3.79,6.49,0.13,8.91,0.5,0.84,6.84,3.11,9.76,5.47,1
3.55,8.67,3.56,6.06,2.9,4.91,1.67,4.57,9.48,5.02,1
7.75,1.42,5.28,2.16,7.78,8.89,4.35,2.24,5.61,3.84,1
9.45,5.94,6.37,7.54,2.65,3.85,5.09,9.27,6.1,9.61,1
6.41,1.87,6.9,1.46,6.36,5.62,5.45,0.12,4.35,0.54,1
3.17,9.33,1.95,5.09,4.9,1.48,1.0,2.91,8.18,8.19,1
6.61,2.17,6.39,2.55,9.98,3.74,5.9,2.98,7.54,7.36,1
6.56,8.56,0.09,7.47,8.98,5.69,7.01,8.52,0.98,7.79,1
0.49,5.25,6.74,5.99,8.86,8.17,5.31,4.64,1.71,7.03,1
5.21,6.97,6.36,4.35,3.73,4.83,2.23,1.26,4.61,8.06,1
2.84,5.71,5.1,1.02,6.81,3.71,7.79,6.63,4.83,6.76,1
5.98,3.21,3.89,8.52,5.62,5.09,6.11,8.56,8.55,4.92,1
9.99,9.29,2.8,6.62,7.84,9.96,9.14,2.12,8.22,8.3,1
4.01,4.13,9.76,5.07,7.84,5.6,2.34,7.01,4.0,9.68,1
1.63,2.1,8.28,5.17,2.45,3.62,4.91,5.31,3.92,6.22,1
1.74,7.37,1.49,8.3,6.97,4.56,8.41,2.29,0.63,0.96,1
3.48,3.79,2.37,1.79,4.47,2.06,6.29,5.1,7.38,3.0,1
6.31,9.44,0.4,9.61,0.71,4.05,5.02,9.59,4.21,7.95,1
9.46,0.65,8.77,0.71,7.01,8.7,8.33,4.54,9.04,5.06,1
0.81,9.36,4.14,2.47,4.05,1.57,6.93,9.84,9.95,5.87,1
6.96,3.06,2.35,0.01,7.41,7.18,8.94,7.58,5.81,0.69,1
5.82,9.02,2.77,9.02,1.66,5.43,6.66,6.47,2.78,1.78,1
0.51,1.22,5.15,1.9,4.99,7.11,1.26,2.06,8.93,8.75,1
8.53,6.73,0.71,3.37,5.32,8.0,8.82,2.09,7.79,9.51,1
3.22,4.91,7.87,0.2,4.9,9.48,5.68,4.96,2.41,8.91,1
3.64,3.27,5.88,1.86,7.3,6.52,0.55,5.45,5.25,7.56,1
0.56,5.31,6.64,7.06,4.27,9.06,0.14,1.23,7.27,8.43,1
6.02,2.54,4.65,3.23,9.88,7.76,6.61,7.34,5.6,6.57,1
6.18,9.75,2.62,1.72,8.8,5.31,9.58,4.67,3.13,9.82,1
5.25,5.19,1.3,2.12,7.07,6.79,6.12,1.66,8.62,6.16,1
1.81,9.52,3.04,8.98,3.35,3.39,3.06,2.6,3.33,7.14,1
5.82,7.79,9.42,2.45,4.94,1.75,3.76,0.96,1.2,7.23,1
5.46,2.02,1.39,8.3,1.66,8.46,9.38,0.67,0.62,2.71,1
0.65,4.48,8.06,7.58,9.67,8.35,1.89,4.63,7.7,8.8,1
3.19,9.29,1.17,5.44,0.61,4.1,7.76,7.8,9.49,3.6,1
7.36,0.76,4.24,0.78,2.67,8.74,5.2,7.25,1.72,9.53,1
3.08,6.31,8.1,0.46,4.28,8.17,7.34,8.01,2.48,7.18,1
2.13,4.33,5.88,9.86,2.39,6.87,4.3,9.41,1.59,6.7,1
9.49,3.04,6.72,8.88,0.5,6.3,5.98,6.24,9.77,0.21,0
3.18,5.86,1.36,9.87,7.82,2.98,0.47,3.14,6.46,8.92,1
9.62,2.18,9.3,9.22,2.46,4.29,6.2,1.5,7.21,4.36,0
1.18,2.86,6.47,3.32,1.16,6.15,3.79,1.72,0.65,4.02,1
4.88,9.43,0.16,8.95,0.18,4.6,8.66,5.86,4.53,9.06,1
7.54,7.97,5.21,1.78,9.12,3.14,7.45,7.26,1.93,8.71,1
8.95,5.8,6.43,0.46,6.43,0.67,1.18,5.38,7.07,6.07,1
6.91,2.67,1.41,8.17,9.52,0.73,4.04,2.79,8.81,2.28,1
1.74,2.79,5.28,9.18,1.75,7.04,5.69,3.67,4.82,2.64,1
4.38,7.15,6.73,2.58,0.52,7.35,8.26,7.96,2.29,4.41,1
1.82,0.29,8.27,4.53,0.92,4.13,4.78,1.52,0.2,2.89,0
6.18,7.56,9.66,8.56,4.62,9.4,9.66,5.73,1.54,5.81,1
7.88,6.95,6.02,1.09,2.13,1.38,3.29,3.76,7.68,7.88,1
6.74,1.97,8.75,9.82,3.8,9.01,2.3,0.93,7.51,7.03,1
9.85,0.03,3.26,9.63,6.48,1.08,4.82,6.5,5.09,4.39,0
5.43,8.25,8.27,9.77,4.83,6.93,9.33,0.78,6.31,7.88,1
9.75,8.63,2.93,7.15,4.24,0.65,3.21,6.81,7.59,2.33,1
4.5,7.64,6.86,0.36,6.18,0.16,8.87,7.02,6.16,5.34,1
1.87,0.07,1.53,9.35,8.61,8.34,4.99,9.21,1.89,5.84,1
5.61,4.14,4.18,8.98,4.24,2.94,3.1,5.26,6.79,2.94,1
4.9,2.4,1.72,7.19,4.27,7.5,6.89,8.41,5.09,6.72,1
0.17,9.84,8.33,7.1,2.21,5.82,7.65,5.98,8.83,9.15,1
4.64,1.2,9.75,9.29,6.66,8.33,8.79,7.08,0.77,8.65,1
1.73,8.47,7.07,0.28,0.72,3.85,3.03,5.87,8.78,7.63,1
0.36,7.6,4.87,3.34,4.34,2.39,6.09,3.22,1.66,9.02,1
0.63,4.06,7.79,1.78,7.83,6.42,8.77,4.93,7.94,8.59,1
3.87,9.41,0.14,8.76,0.66,7.89,3.58,5.75,1.23,1.84,1
0.76,9.35,6.33,0.55,4.24,1.02,2.03,5.88,5.27,9.9,1
8.74,0.07,8.64,4.82,9.0,2.21,0.78,9.1,9.3,7.02,1
3.56,3.94,0.95,9.7,3.42,9.2,1.33,0.32,9.73,6.52,1
0.64,8.63,5.69,0.13,3.88,4.07,5.78,0.8,6.4,0.85,1
0.75,5.21,6.67,7.13,7.37,7.82,6.43,4.26,2.29,4.83,1
7.99,1.62,6.3,9.91,7.7,9.16,4.06,0.48,8.69,4.33,1
2.83,3.2,1.89,6.72,0.54,8.57,7.92,8.04,5.36,3.74,1
5.99,3.28,0.91,2.26,2.85,8.01,1.11,1.18,7.88,2.07,1
6.87,3.07,5.8,7.05,4.31,4.47,3.6,2.25,2.35,5.8,1
9.75,6.4,1.42,8.03,2.72,2.2,2.74,5.18,1.02,0.39,0
1.29,9.09,1.72,8.1,5.49,2.95,0.2,1.25,9.64,2.97,1
0.88,6.66,1.03,2.23,8.57,5.06,1.83,6.43,0.85,4.0,1
2.77,7.85,6.95,2.33,5.03,6.24,6.01,6.34,7.95,1.06,1
4.65,1.15,2.71,2.41,7.01,8.55,3.01,1.17,9.41,1.9,1
2.98,5.99,9.44,7.31,2.78,1.21,6.01,7.88,8.26,7.54,1
0.63,8.65,8.7,8.11,2.04,7.48,9.26,8.49,3.42,7.53,1
6.5,9.68,4.06,9.35,8.32,3.77,1.01,6.44,10.0,9.16,1
5.15,6.94,3.96,7.45,8.01,4.58,8.29,8.64,4.28,2.9,1
5.9,6.0,6.62,9.67,1.85,5.45,9.97,3.29,4.82,1.96,1
7.65,5.39,8.91,5.54,2.7,9.08,0.53,9.09,2.66,8.27,1
2.6,0.79,2.59,5.81,1.9,7.1,0.05,6.72,5.74,1.56,1
7.69,9.92,0.16,8.92,1.57,2.04,1.5,1.89,2.23,4.04,0
2.65,7.87,7.15,1.25,6.06,2.38,8.8,0.12,1.17,3.03,1
8.92,1.79,8.87,0.08,0.68,5.08,0.49,5.29,0.82,8.79,1
3.6,1.53,6.46,9.64,9.32,5.71,2.85,9.37,3.31,4.64,1
0.76,9.2,5.03,1.96,2.45,7.29,2.23,0.79,7.83,3.45,1
1.99,1.01,4.19,5.68,2.45,6.91,9.1,7.17,7.71,0.14,1
7.17,0.15,8.71,1.86,0.05,1.44,4.22,9.0,0.89,5.73,1
7.96,7.13,9.71,2.78,0.12,3.33,4.67,6.75,8.74,5.69,1
7.3,8.08,0.75,1.19,0.23,0.05,4.44,1.4,0.62,8.71,1
5.31,4.28,8.9,4.57,6.92,4.24,5.37,3.63,1.48,6.66,1
5.39,8.46,8.24,4.53,7.69,6.4,8.54,5.47,1.45,0.38,1
2.07,9.27,4.35,1.53,2.11,1.59,3.56,7.85,0.95,5.42,1
0.32,7.61,2.1,4.17,2.14,8.63,7.56,0.12,1.58,9.61,1
6.36,4.22,6.5,2.2,2.45,0.54,6.6,2.73,4.3,2.55,1
7.43,1.76,8.43,1.33,5.85,8.16,2.17,5.7,5.18,9.33,1
8.86,5.6,0.8,4.62,9.19,6.53,3.75,0.91,4.35,8.19,1
6.73,5.01,0.38,6.43,6.37,8.2,2.54,8.46,8.94,6.14,1
5.8,9.59,7.09,8.52,4.64,8.89,7.73,4.2,2.6,6.03,1
6.94,8.58,4.55,8.41,1.21,3.9,7.35,3.24,6.98,6.24,1
3.12,9.95,0.23,4.38,6.99,9.48,2.19,4.82,1.84,1.91,1
1.92,2.68,5.52,3.25,6.71,2.78,1.01,6.05,5.95,7.08,1
6.66,1.11,5.26,7.82,2.75,5.42,1.93,3.75,6.16,5.52,1
1.09,0.67,0.63,9.03,8.59,5.67,0.75,2.33,1.47,1.09,1
1.52,9.36,9.68,3.79,8.08,4.7,1.87,3.68,7.27,8.73,1
6.6,5.71,1.52,2.1,0.81,0.33,9.72,6.65,7.78,6.29,1
7.06,0.01,6.96,6.97,9.74,9.25,0.83,8.45,2.42,7.22,1
1.28,7.47,5.59,6.67,8.68,6.48,9.48,0.27,1.99,5.26,1
8.16,6.24,0.47,1.37,0.3,8.87,9.44,4.63,6.57,0.64,1
8.39,2.24,9.94,7.53,5.82,7.5,2.24,8.13,5.78,4.61,1
1.82,3.28,7.35,8.92,1.85,4.12,2.01,2.49,9.82,8.68,1
2.4,6.99,7.03,6.2,3.12,6.29,7.88,6.08,3.48,0.03,1
5.57,4.82,5.52,1.74,4.3,8.95,1.51,7.96,0.24,8.38,1
2.61,3.7,8.79,4.59,8.49,9.62,5.94,4.67,1.92,9.74,1
6.65,8.7,5.61,4.35,8.78,4.8,0.72,2.07,5.95,8.45,1
0.81,1.53,8.97,8.94,8.17,4.04,5.34,4.27,2.51,9.09,1
0.17,3.47,7.08,3.56,6.49,6.02,7.48,0.77,3.23,3.1,1
0.93,2.81,7.48,0.3,3.6,8.86,5.11,0.42,7.51,3.49,1
9.04,0.34,9.36,8.47,5.72,1.01,1.36,0.74,2.22,0.34,0
3.59,8.38,3.33,8.78,1.49,3.59,0.96,9.54,9.16,7.61,1
1.17,1.11,7.06,9.41,6.5,4.16,4.25,5.69,7.08,5.09,1
2.84,0.7,1.4,8.13,8.33,7.08,5.7,4.31,9.69,0.59,1
9.04,8.92,6.83,5.89,1.74,9.97,0.92,7.06,7.64,3.22,1
6.67,5.61,0.39,2.59,1.26,2.69,6.85,6.96,4.32,9.47,1
4.61,6.72,2.95,3.57,2.7,0.87,3.98,5.3,2.59,9.29,1
1.0,5.09,5.23,3.75,3.58,7.02,1.73,8.28,3.05,7.34,1
4.23,9.31,6.3,6.45,1.55,3.88,3.89,7.38,8.66,4.63,1
2.99,4.9,6.62,3.38,5.7,4.84,2.52,2.48,0.62,2.04,1
8.41,0.18,1.57,1.67,6.3,2.37,6.03,5.72,9.9,5.19,1
2.24,3.69,8.1,5.75,9.73,9.21,0.02,7.86,4.33,9.16,1
0.06,2.14,2.11,9.5,3.63,8.96,3.08,1.23,9.66,8.84,1
6.4,6.14,3.58,5.57,6.32,9.66,0.38,0.94,0.93,3.85,1
5.33,4.17,4.63,9.92,7.02,9.51,0.24,2.12,7.14,9.93,1
5.51,2.47,7.96,0.28,5.25,1.08,3.07,4.01,2.78,8.5,1
9.7,8.99,8.34,4.72,8.22,4.88,7.41,9.08,1.41,3.85,1
1.99,8.46,0.71,8.13,2.49,4.37,5.63,1.63,8.14,0.38,1
3.39,1.92,1.82,3.8,8.79,1.83,1.35,2.65,8.39,0.36,1
3.96,4.1,2.32,3.59,1.57,5.89,4.45,0.09,5.9,5.51,1
9.77,0.54,2.85,4.42,5.24,3.53,2.75,6.29,5.46,5.26,1
6.67,2.9,5.76,8.23,7.17,7.35,3.24,9.25,8.75,0.25,1
9.95,4.77,7.91,1.03,0.08,5.04,6.81,6.2,1.12,7.33,1
3.73,4.41,1.76,3.53,3.46,6.25,5.43,8.54,6.97,5.69,1
0.24,8.23,6.84,8.96,8.23,7.27,9.95,9.93,1.84,6.15,1
3.88,2.2,7.48,8.42,7.99,4.8,3.37,0.34,0.83,3.61,1
0.94,3.48,0.06,2.79,1.08,6.38,7.82,2.57,1.13,8.39,1
2.34,7.65,0.65,9.87,7.77,1.9,1.24,6.8,5.76,3.98,1
5.44,1.62,4.1,5.86,7.67,0.95,4.87,1.33,1.15,0.85,0
1.3,3.37,6.03,0.42,2.97,1.18,7.57,0.82,3.18,6.16,1
8.46,4.06,7.24,6.2,2.21,4.43,2.82,5.03,7.25,3.66,1
0.05,2.74,2.11,6.08,3.0,5.47,5.32,0.94,1.85,4.56,1
4.87,9.52,4.13,9.25,9.34,4.16,7.87,7.43,6.49,5.21,1
4.03,6.12,3.24,5.55,1.23,4.51,5.79,4.42,7.33,3.7,1
5.4,5.24,0.54,1.02,4.86,3.67,0.67,2.58,3.79,9.84,1
1.75,4.3,0.2,3.02,8.14,7.38,5.26,4.53,7.6,2.74,1
1.01,8.97,5.79,5.37,6.83,6.27,3.11,8.16,5.9,1.34,1
0.07,3.17,0.56,5.22,7.15,9.53,3.7,1.5,4.5,5.4,1
2.01,2.54,6.08,9.8,7.66,7.7,9.11,2.45,8.04,1.03,1
9.18,4.56,6.28,4.75,4.45,6.92,5.32,0.75,4.41,1.09,1
5.14,0.1,2.02,9.06,1.62,2.2,9.99,4.27,1.73,9.4,1
4.17,1.08,1.32,6.06,2.37,6.31,4.63,4.19,4.39,1.13,1
8.25,9.43,4.73,5.28,7.51,2.19,7.56,7.94,5.66,9.62,1
7.3,8.57,0.94,3.04,1.65,3.87,5.0,4.21,5.35,4.59,1
8.29,8.53,9.09,6.37,3.02,9.97,0.1,8.29,6.89,3.86,1
8.23,0.38,7.22,9.19,8.02,1.73,9.91,2.01,1.07,7.27,1
9.58,1.65,6.31,2.38,8.48,8.96,9.24,2.26,4.2,5.32,1
3.36,6.12,7.6,2.49,7.22,5.98,9.77,0.88,1.34,0.59,1
1.06,0.63,6.57,6.12,7.86,3.03,2.03,0.44,2.01,6.75,1
2.77,0.57,8.2,6.77,2.73,6.57,9.57,2.84,2.85,5.57,1
9.3,3.66,5.46,9.45,0.64,2.75,7.6,0.42,5.84,6.64,1
7.87,0.56,5.19,3.5,2.59,4.72,8.62,1.26,8.83,9.54,1
8.87,1.92,3.28,3.61,5.97,6.05,9.38,1.05,4.41,4.69,1
4.87,3.04,4.32,3.73,0.92,8.72,6.04,3.84,0.65,1.63,1
3.31,2.45,0.13,7.25,7.81,5.53,1.21,9.25,3.12,2.06,1
8.97,8.04,6.15,8.86,9.52,6.82,6.06,2.4,8.55,2.37,1
5.95,2.87,3.16,6.63,4.04,0.98,9.99,7.86,1.66,8.2,1
1.81,5.09,3.32,0.57,7.1,4.23,2.67,0.59,3.8,5.03,1
0.6,2.56,1.7,9.62,6.02,9.05,2.74,3.01,2.07,6.21,1
2.77,1.34,0.9,5.9,9.15,7.62,6.11,5.34,9.33,9.44,1
8.05,4.0,5.13,3.48,4.23,3.29,4.35,5.62,0.39,3.19,1
4.13,9.62,6.2,3.26,2.65,4.45,0.76,1.66,9.24,3.07,1
6.04,3.37,9.55,6.46,9.1,2.04,0.99,6.81,8.74,2.79,1
5.31,5.83,7.29,3.81,9.8,6.24,2.73,7.86,0.04,8.61,1
0.08,3.31,4.08,8.63,7.01,3.74,0.32,6.27,5.36,2.57,1
8.72,2.41,2.02,1.32,3.05,8.89,9.29,5.42,4.88,1.6,1
6.43,4.57,6.15,4.86,1.06,5.69,8.76,0.94,8.67,5.9,1
8.37,5.95,1.27,9.81,8.9,6.52,6.85,5.9,9.39,4.98,1
2.38,2.26,9.19,2.7,5.84,5.92,9.22,7.7,3.44,9.14,1
4.78,8.22,2.07,8.32,0.63,7.48,0.25,0.47,3.79,5.44,1
0.45,9.92,7.19,3.66,4.09,7.85,3.52,0.8,9.32,0.64,1
3.18,6.87,4.9,0.9,9.43,8.77,2.13,5.59,6.46,3.55,1
7.3,1.73,9.94,1.6,5.19,0.18,4.05,1.39,5.34,8.82,1
9.96,7.82,4.83,5.59,3.5,6.12,5.11,5.09,2.52,3.71,1
7.65,3.65,6.97,7.25,0.23,3.98,3.43,1.13,4.9,6.57,1
4.19,2.5,2.02,9.74,2.18,9.0,5.71,5.66,7.04,8.56,1
8.9,4.4,2.89,5.64,8.63,0.56,4.53,9.43,8.57,1.79,1
7.42,6.06,2.1,4.95,9.54,4.68,2.1,1.18,3.13,1.48,1
0.98,1.86,0.79,3.02,4.64,2.23,1.91,6.88,7.23,1.54,1
4.41,7.29,3.75,4.07,1.4,0.45,0.26,2.48,5.6,6.35,1
2.78,0.82,3.9,2.79,8.03,1.46,0.34,1.43,2.9,8.38,1
3.06,9.9,2.92,8.85,3.98,8.68,5.14,5.82,1.67,2.04,1
6.54,5.56,7.8,3.05,6.91,1.89,4.2,7.78,5.05,3.08,1
6.59,3.4,5.69,3.31,8.29,5.75,1.78,5.35,0.21,0.56,1
0.65,1.0,2.85,0.84,1.64,1.26,3.12,6.72,5.23,5.91,1
8.63,1.8,3.07,2.88,5.49,7.3,5.21,7.63,5.02,5.46,1
5.12,4.48,6.47,3.78,5.37,7.92,7.48,8.28,8.18,7.45,1
3.07,7.25,8.33,7.43,6.78,0.2,2.97,8.93,7.71,2.7,1
2.26,4.0,4.63,5.62,5.39,0.41,4.37,6.03,2.67,3.58,1
1.71,1.17,1.83,1.29,3.44,1.47,8.8,3.6,0.97,0.91,1
4.35,3.85,1.11,2.27,9.82,7.23,2.03,2.05,7.63,4.13,1
0.99,3.83,0.05,3.32,5.13,9.64,4.75,5.1,3.93,1.24,1
1.24,0.51,6.71,3.85,4.28,4.31,6.72,9.97,6.89,2.28,1
8.63,4.92,9.55,8.55,8.74,2.74,4.98,9.43,2.32,1.59,1
5.4,4.84,5.08,5.84,5.63,0.04,9.15,1.08,6.47,1.8,1
6.5,0.99,7.39,3.6,2.88,5.38,5.18,4.38,8.19,1.17,1
2.7,7.45,6.98,7.21,3.51,2.22,7.47,1.38,4.87,1.28,1
6.19,6.37,1.14,8.85,5.54,3.42,7.23,1.52,6.91,7.92,1
1.73,3.65,3.65,5.9,6.73,6.64,5.84,9.0,8.18,4.84,1
7.64,5.61,6.12,9.87,4.61,3.33,8.97,5.19,5.11,9.36,1
1.42,4.05,5.96,7.48,3.08,8.45,3.71,4.05,7.34,8.09,1
0.21,7.31,2.57,6.77,3.09,2.38,7.29,7.57,7.28,6.25,1
4.58,7.93,8.9,3.67,5.43,9.67,5.94,1.34,8.77,8.17,1
2.99,7.54,9.56,7.24,1.07,9.41,6.29,4.9,3.11,2.25,1
5.36,3.26,2.68,7.22,8.89,2.15,0.42,2.56,4.5,0.69,0
5.93,5.99,2.9,0.44,8.66,2.51,7.34,0.49,4.16,9.09,1
0.69,1.12,5.03,7.82,1.96,3.65,5.96,2.95,2.86,7.04,1
2.02,3.75,6.58,0.79,7.27,2.55,7.16,6.3,0.75,8.66,1
5.66,1.89,6.67,3.61,7.53,2.9,1.36,1.22,3.94,7.85,1
9.27,0.85,6.84,1.22,5.73,4.42,5.3,8.62,2.04,6.25,1
5.44,0.44,7.65,1.26,9.67,4.5,9.61,3.48,3.76,9.22,1
3.18,0.86,1.11,4.15,6.83,2.05,5.19,2.93,0.81,3.93,1
4.7,6.32,2.74,4.89,2.5,7.02,2.97,5.1,3.91,8.65,1
7.84,1.91,8.64,3.99,4.88,0.36,8.92,9.9,6.12,1.42,1
0.75,1.13,0.92,6.14,0.31,2.92,3.91,3.93,3.68,0.86,0
1.62,9.17,2.69,2.11,0.63,2.5,1.22,1.04,4.36,5.84,1
0.13,8.02,5.16,1.18,9.77,7.32,0.02,6.43,2.82,7.25,1
4.36,6.15,7.72,7.28,7.66,8.72,9.36,4.97,0.66,3.3,1
9.08,3.23,2.92,7.96,5.3,1.57,3.46,8.88,9.23,2.11,1
3.47,8.87,3.31,6.7,3.45,3.54,5.89,7.38,8.16,4.24,1
4.13,2.98,3.17,9.6,2.65,2.43,3.62,8.91,6.03,4.71,1
0.57,7.6,4.67,6.04,3.02,0.38,1.43,2.63,6.01,0.73,0
3.62,2.63,5.3,3.4,8.21,9.91,1.82,5.6,6.67,1.66,1
6.57,2.63,6.89,0.29,2.42,7.66,0.07,6.7,4.41,3.63,1
2.46,3.78,4.8,8.82,4.13,9.07,6.5,9.09,5.3,7.07,1
8.24,1.11,4.14,6.13,3.13,2.33,6.01,9.0,4.98,5.17,1
5.19,0.14,9.7,9.6,9.81,9.09,3.29,1.11,2.28,3.37,1
5.63,7.32,0.05,2.65,6.58,7.66,3.25,5.5,3.0,3.64,1
7.51,7.39,1.59,8.96,2.36,8.94,0.47,4.14,9.63,4.15,1
9.03,5.58,7.29,0.49,5.51,8.36,8.25,2.3,5.95,5.59,1
7.43,6.95,4.8,8.84,9.7,5.57,9.74,4.56,2.69,9.43,1
8.74,9.49,1.68,4.28,3.69,0.86,8.55,8.99,6.85,2.65,1
4.44,9.23,4.08,2.24,1.36,5.73,6.7,8.73,7.92,6.36,1
3.72,5.68,0.38,4.65,9.24,4.17,7.17,7.52,4.55,5.29,1
3.65,2.33,6.5,1.59,5.52,9.94,8.94,1.05,1.77,4.22,1
3.28,4.43,0.21,4.22,4.73,9.96,2.56,2.53,1.99,9.93,1
4.74,0.66,4.38,2.95,7.89,8.4,8.13,5.79,7.95,8.01,1
7.75,5.24,3.61,1.1,8.14,8.01,4.62,3.03,1.99,4.27,1
4.13,3.51,2.79,8.94,8.97,6.89,0.66,2.74,5.76,0.16,1
7.38,8.14,6.5,7.14,0.97,0.87,1.86,5.29,3.63,3.87,0
7.83,3.55,2.5,7.83,4.22,7.0,2.58,9.55,6.09,3.38,1
8.91,2.58,9.68,5.58,3.42,3.78,8.26,3.14,8.94,8.87,1
4.03,6.17,9.64,1.24,3.85,5.96,7.54,5.28,1.75,6.74,1
8.4,1.9,9.54,8.64,2.91,3.89,4.84,1.89,0.58,7.86,1
8.17,6.09,9.94,5.9,5.52,9.55,0.67,4.86,4.02,5.59,1
6.66,8.83,3.85,7.31,3.17,2.82,9.21,2.2,2.31,0.01,1
2.77,2.35,2.74,1.94,7.88,5.82,8.53,7.0,3.26,6.48,1
9.37,7.05,1.45,3.16,3.31,1.16,9.93,2.54,8.16,0.45,1
7.15,2.2,8.9,9.85,7.78,1.55,8.21,6.76,2.39,5.55,1
6.4,3.26,4.23,5.92,1.85,9.65,7.87,4.22,6.84,2.2,1
8.06,1.31,8.39,4.89,7.24,6.54,6.32,9.6,3.49,6.98,1
6.43,1.08,7.99,0.85,5.14,0.61,4.15,7.75,4.9,2.88,1
1.44,1.35,8.97,5.0,6.73,8.99,6.42,2.06,3.27,9.77,1
7.93,8.22,8.68,0.58,2.26,6.64,5.76,5.63,1.9,1.49,1
7.84,0.6,8.2,6.34,5.71,6.86,6.63,0.06,5.06,0.88,1
8.96,8.16,2.19,9.41,3.42,8.38,4.14,9.82,3.01,6.28,1
2.98,5.18,8.17,7.55,8.32,6.38,7.31,6.06,7.03,6.26,1
9.31,1.16,4.04,3.16,8.91,2.72,2.32,5.56,3.48,8.49,1
0.93,0.74,9.01,6.79,0.57,6.22,2.55,6.14,5.92,8.97,1
0.85,9.44,5.96,2.9,7.46,2.39,0.72,4.68,2.06,3.74,1
6.73,3.78,9.41,7.22,1.22,2.75,0.59,5.69,6.18,4.17,0
4.06,3.26,1.0,1.32,2.67,5.56,1.82,7.49,8.05,4.14,1
0.34,4.58,1.1,0.93,9.25,2.28,3.95,8.98,6.48,6.65,1
6.48,1.05,5.1,4.04,6.78,5.51,9.25,4.31,8.84,0.34,1
8.95,1.56,9.44,9.77,1.45,2.53,9.84,4.39,8.49,7.07,1
8.84,8.01,0.87,6.78,3.24,6.63,5.55,5.56,4.08,1.59,1
7.66,2.64,2.47,6.55,0.19,1.07,7.07,0.46,9.57,8.35,1
5.82,1.22,6.72,5.02,4.85,4.09,6.41,4.44,5.84,0.55,1
2.16,6.28,2.05,9.19,4.84,4.02,7.05,6.42,1.53,7.13,1
4.11,3.7,9.94,8.16,7.81,7.2,2.27,0.42,7.64,2.81,1
7.11,4.34,1.4,6.64,5.61,3.6,1.87,6.44,8.48,7.12,1
2.83,2.1,0.47,4.83,4.06,5.64,3.13,5.27,6.37,8.9,1
4.14,8.53,9.75,7.43,9.82,5.45,0.86,2.67,6.17,9.37,1
6.51,3.34,8.96,5.27,0.65,6.34,8.89,2.4,2.94,4.88,1
7.67,3.4,7.09,4.06,7.47,2.16,9.95,6.16,1.13,4.32,1
1.52,8.95,4.07,2.56,8.62,4.15,6.09,7.46,4.81,8.77,1
7.45,9.78,9.64,0.54,6.64,1.31,1.12,6.39,3.32,6.79,1
9.95,1.88,8.38,4.16,6.9,1.39,1.55,9.07,3.42,8.55,1
7.21,4.48,6.12,1.37,7.97,2.54,3.18,3.82,6.66,1.97,1
4.77,6.75,1.09,2.11,2.5,8.28,3.04,8.65,6.87,7.59,1
4.48,0.0,8.89,2.44,1.21,0.19,7.72,3.34,3.6,3.52,1
3.78,3.45,3.04,3.78,8.94,1.88,4.08,5.39,3.09,8.57,1
7.21,0.46,8.92,1.15,9.57,2.49,1.21,9.06,1.06,6.96,1
6.03,6.63,4.17,2.51,5.33,5.9,9.39,8.95,8.55,3.49,1
5.93,3.7,9.49,0.67,5.13,4.29,8.01,8.06,0.09,1.89,1
9.24,6.01,6.11,0.87,5.16,8.7,6.9,6.66,4.52,9.95,1
1.41,6.38,4.29,9.4,6.4,9.17,0.22,9.25,4.63,7.29,1
1.51,6.41,3.18,6.64,4.24,3.21,6.21,7.98,1.15,4.75,1
7.3,7.63,8.28,9.93,4.82,0.18,3.15,7.04,2.76,9.45,1
2.78,7.35,8.56,3.63,4.78,4.07,5.81,7.09,6.6,5.73,1
8.67,3.15,3.78,1.9,6.6,1.94,7.63,2.37,0.83,3.48,1
8.48,2.52,0.2,3.46,8.58,5.37,7.05,4.61,4.41,9.5,1
9.85,0.64,5.36,9.03,4.35,3.34,0.79,5.01,9.15,10.0,1
7.14,4.18,6.2,6.17,6.94,7.91,9.99,0.98,1.02,2.56,1
5.33,0.54,2.76,3.71,1.02,4.57,8.34,8.49,5.35,1.26,1
1.42,8.07,5.49,7.82,9.58,0.97,0.69,3.59,1.84,0.48,1
9.26,5.47,1.07,0.96,5.63,8.3,9.65,7.65,2.52,4.6,1
8.1,3.44,7.05,3.9,0.82,7.5,4.38,7.3,9.73,5.02,1
7.48,5.46,3.99,3.51,4.0,5.56,6.66,5.43,6.67,0.08,1
8.05,3.48,4.73,4.83,6.32,2.08,7.43,4.81,3.18,7.58,1
6.07,3.98,0.42,8.77,7.54,4.09,4.14,6.17,1.97,4.44,1
0.65,8.29,6.05,5.18,4.95,6.91,6.4,9.51,0.12,8.5,1
4.74,6.97,3.07,5.52,9.71,7.66,1.98,3.5,1.47,2.61,1
8.3,7.92,3.52,2.29,2.15,1.27,5.34,7.0,1.16,8.22,1
2.67,7.35,2.94,4.76,2.77,2.48,5.06,2.12,5.26,2.93,1
9.34,9.82,9.49,4.47,1.77,9.62,6.48,9.68,3.1,9.4,1
8.56,9.66,6.89,6.63,9.17,5.78,6.69,8.07,7.78,9.07,1
9.67,2.71,8.38,9.5,0.76,9.03,2.28,9.29,0.61,6.59,1
7.2,9.55,5.65,2.81,9.29,8.6,4.08,5.31,2.66,9.12,1
5.16,0.52,6.79,4.3,6.69,6.52,9.24,6.65,1.58,8.0,1
3.61,7.07,3.4,1.3,1.73,8.34,7.16,6.71,6.16,7.98,1
4.4,9.64,9.51,9.15,5.71,8.69,9.29,9.51,6.06,3.91,1
5.7,7.98,7.96,5.66,6.63,3.64,6.65,0.33,7.14,5.27,1
5.42,9.4,9.38,9.45,0.72,6.62,3.56,5.79,4.09,7.16,1
6.55,2.47,8.37,5.64,3.04,2.16,6.54,4.7,5.74,5.94,1
7.96,5.63,8.69,7.67,9.27,0.54,1.35,8.24,2.57,8.04,1
1.57,8.1,2.14,4.93,3.9,5.74,2.3,7.41,6.75,4.2,1
0.92,8.1,1.87,8.43,2.4,6.57,7.52,5.01,4.44,1.57,1
0.24,4.39,5.64,7.96,6.77,0.45,3.5,3.82,3.25,1.15,1
5.76,6.31,4.86,4.71,5.23,8.67,3.69,1.91,5.14,7.99,1
1.39,9.55,6.98,6.88,5.54,6.02,6.47,9.11,9.07,6.42,1
7.62,9.01,6.47,5.18,8.3,5.14,8.68,1.69,8.3,2.26,1
7.76,0.61,1.36,4.17,1.06,1.88,3.12,8.39,6.35,7.36,1
0.24,2.67,4.8,0.47,0.04,0.99,9.63,1.89,6.13,4.48,1
6.14,2.35,0.42,4.16,2.57,7.3,2.3,0.31,4.16,9.05,1
1.55,0.68,0.71,7.56,1.69,3.83,4.69,6.85,0.15,2.7,0
9.92,3.18,3.78,7.58,7.39,4.99,2.65,2.02,7.39,8.89,1
0.76,6.92,2.41,5.78,4.01,2.46,7.57,9.83,6.49,5.89,1
6.5,5.11,6.4,6.07,0.5,8.89,1.84,5.21,8.01,5.51,1
8.15,6.02,5.08,7.5,0.37,6.08,4.95,6.11,1.74,5.67,1
6.31,0.42,7.98,3.04,1.73,7.15,5.0,1.25,0.58,4.85,1
6.45,8.74,0.29,6.32,2.21,4.6,5.12,1.01,4.01,7.25,1
9.68,8.66,5.33,9.86,5.3,6.51,2.02,0.71,2.8,3.4,1
8.62,3.51,5.66,0.4,4.15,5.64,5.57,4.75,7.83,2.07,1
3.44,4.0,0.96,5.04,7.07,4.96,4.57,5.09,9.2,1.56,1
7.0,0.78,3.67,1.17,2.12,1.29,6.85,8.98,8.17,6.54,1
6.24,9.47,5.78,3.45,7.41,1.87,7.8,6.75,5.11,5.93,1
6.49,7.97,1.98,7.76,4.93,5.98,9.49,6.58,9.67,9.14,1
3.4,8.98,4.15,3.05,6.52,9.16,7.2,8.3,1.68,1.33,1
5.93,5.07,1.77,0.41,7.05,0.22,9.12,5.1,0.69,3.32,1
4.44,8.27,7.04,6.44,3.38,8.16,9.23,9.3,6.64,2.46,1
8.79,4.28,6.26,6.4,0.04,7.75,8.93,3.69,4.54,1.48,1
6.42,9.04,1.7,7.28,7.13,2.45,6.2,2.28,1.54,2.42,1
4.65,8.71,0.7,8.51,3.51,8.83,0.35,9.44,5.37,9.76,1
7.51,0.79,1.51,5.6,1.96,5.08,5.64,8.23,5.1,0.14,1
6.17,2.91,3.15,9.14,6.42,0.8,8.26,2.83,0.16,8.64,1
4.26,4.77,1.05,7.18,7.3,0.56,2.16,3.22,2.28,0.58,0
1.02,6.9,4.14,4.73,4.24,5.78,8.53,1.93,5.73,8.58,1
0.57,9.97,1.92,2.57,3.03,7.56,4.74,8.35,1.96,8.54,1
4.37,6.56,3.12,3.51,4.64,4.95,2.18,9.29,9.87,7.54,1
5.26,5.9,3.79,0.97,6.58,7.38,1.23,0.97,7.29,9.95,1
8.36,7.38,1.4,9.34,6.73,3.42,2.11,8.07,8.59,8.5,1
3.07,1.22,4.59,2.34,9.63,3.14,6.2,2.25,4.19,8.88,1
1.81,3.65,7.1,4.81,0.76,7.12,4.7,8.05,2.63,4.94,1
7.34,7.46,0.71,5.09,6.08,1.53,7.63,0.13,8.19,6.65,1
4.93,3.64,4.49,0.18,7.5,1.45,4.36,9.88,4.34,8.38,1
0.37,5.81,3.08,5.25,8.1,5.33,5.0,6.67,9.52,7.83,1
7.48,2.09,6.98,9.74,9.99,3.68,7.55,1.26,5.51,6.31,1
6.61,2.23,2.63,6.76,7.31,0.21,4.1,1.46,2.71,9.54,1
2.16,9.0,8.58,0.35,1.04,9.04,3.32,5.28,8.65,6.5,1
7.34,2.53,0.63,4.75,3.15,4.78,0.92,6.07,8.34,3.74,1
3.3,2.73,2.06,9.1,7.91,0.48,3.26,5.23,6.28,5.25,1
1.06,6.38,8.95,1.2,5.28,2.83,5.36,0.24,2.98,1.74,1
9.19,3.99,6.46,3.55,3.4,7.98,6.53,2.19,1.39,9.06,1
6.71,6.73,9.03,6.68,3.68,3.29,6.97,0.55,2.26,6.99,1
4.14,8.57,2.39,2.65,1.45,7.02,6.36,8.95,8.87,1.68,1
1.96,5.08,8.83,1.67,6.72,7.92,1.28,7.33,6.15,8.74,1
1.48,2.73,8.62,6.03,8.83,0.91,5.57,9.5,2.61,9.3,1
1.8,4.81,4.6,8.93,6.66,3.24,8.16,8.03,2.35,1.48,1
8.42,7.63,7.16,8.29,1.76,7.41,4.54,1.68,3.06,3.91,1
7.71,6.86,9.95,1.02,2.51,7.33,8.4,4.44,6.34,8.5,1
7.43,2.59,4.27,1.81,5.54,2.55,3.75,7.79,2.32,2.93,1
8.54,3.3,7.07,3.1,3.32,8.0,8.43,7.53,8.86,6.89,1
4.8,0.54,4.4,7.03,7.66,5.19,9.55,3.34,8.93,7.27,1
2.07,9.76,5.63,9.07,2.63,3.18,3.66,8.34,0.78,3.58,1
5.68,3.21,8.95,8.97,9.63,7.44,1.94,7.9,8.13,5.74,1
7.78,0.52,8.17,1.15,8.26,4.46,3.02,5.92,1.31,4.81,1
4.54,4.73,7.84,7.26,9.3,0.96,9.76,1.5,1.67,3.5,1
5.31,5.37,2.81,3.46,2.7,0.4,0.92,3.75,9.83,7.35,1
2.65,0.94,5.59,7.16,1.38,0.2,3.71,6.31,3.48,6.55,0
2.49,8.31,3.1,2.08,2.52,2.75,2.6,0.49,1.22,3.55,1
4.25,2.16,8.87,4.73,9.18,4.88,4.89,8.6,9.99,7.55,1
1.54,8.89,3.01,8.45,2.95,6.24,3.9,4.79,7.53,3.15,1
0.29,8.55,6.51,4.27,2.33,7.18,8.85,5.43,9.09,9.83,1
7.0,0.82,7.47,9.19,3.5,9.83,9.94,1.1,0.17,9.87,1
7.42,8.4,5.12,9.16,1.53,8.06,1.84,8.79,9.84,9.62,1
1.21,2.9,5.43,3.65,3.46,7.92,0.36,7.22,7.4,8.14,1
5.66,7.65,9.32,9.07,7.46,8.66,6.35,1.8,3.62,9.48,1
3.09,7.53,0.38,3.65,4.67,4.73,6.3,5.58,4.49,6.26,1
4.65,9.93,6.32,8.47,4.88,4.72,4.15,8.7,8.28,9.84,1
0.06,4.66,3.95,3.19,5.12,3.5,5.13,3.52,8.17,4.81,1
7.24,7.17,1.03,4.42,2.99,3.83,5.66,0.34,9.19,9.0,1
7.41,3.28,6.8,0.01,8.26,1.97,4.51,5.07,5.61,9.01,1
7.24,6.1,6.43,5.59,0.69,8.76,4.76,0.07,6.33,4.0,1
0.54,0.11,0.76,6.18,9.41,3.59,7.0,8.77,7.11,6.55,1
3.96,6.71,0.23,6.8,8.32,8.68,9.98,8.8,5.99,6.13,1
6.71,2.97,5.47,1.62,3.55,6.0,3.29,6.68,8.86,5.33,1
6.34,3.6,1.24,4.62,2.15,9.26,0.44,8.72,2.34,3.23,1
1.16,9.75,8.13,7.83,3.34,1.16,3.93,8.87,4.1,5.95,1
5.24,0.08,4.76,3.83,0.29,2.85,0.21,7.98,6.26,8.08,1
4.38,0.36,7.81,1.54,9.7,5.82,7.29,2.35,7.42,3.36,1
2.33,4.66,7.93,2.24,6.03,9.9,5.82,4.49,7.58,1.79,1
4.34,4.99,1.09,3.95,3.79,2.14,1.43,2.86,2.69,0.88,0
1.99,3.27,1.63,9.45,0.21,2.56,7.51,4.91,2.96,5.42,1
2.53,4.16,2.41,5.86,5.42,9.74,2.65,6.87,5.99,2.09,1
3.71,6.78,6.48,2.07,5.73,1.2,0.1,7.79,0.91,8.65,1
3.19,3.58,1.35,4.65,6.13,8.29,1.56,5.58,8.72,5.88,1
5.23,5.52,5.37,1.27,7.12,4.58,9.94,7.58,7.14,5.64,1
8.3,7.45,8.19,5.73,2.19,6.44,6.3,2.88,3.55,1.78,1
4.19,2.14,0.47,8.39,1.31,9.97,8.14,6.39,0.04,7.03,1
1.58,7.27,6.57,6.62,7.31,3.69,6.83,8.48,2.21,4.77,1
1.49,5.69,4.39,8.07,7.29,2.48,2.73,3.24,6.08,8.89,1
7.32,0.02,7.36,8.6,5.98,0.16,8.34,2.57,8.55,9.51,1
4.75,7.83,2.32,4.08,7.35,7.89,1.81,8.09,7.16,4.67,1
6.24,5.45,6.88,1.49,1.0,6.33,3.74,7.43,7.2,2.23,1
6.43,9.14,5.23,1.33,1.62,1.53,3.39,1.57,0.2,9.73,1
1.34,4.59,3.79,6.72,8.65,5.13,2.03,8.69,7.3,8.22,1
1.49,9.51,8.01,8.43,9.63,5.87,9.03,0.23,0.58,8.19,1
4.57,6.27,2.56,5.63,1.77,8.81,1.21,1.89,9.83,8.6,1
9.58,6.93,6.87,9.77,5.46,7.35,9.79,3.93,9.02,4.27,1
1.46,3.88,1.66,7.97,0.93,9.73,7.84,3.02,0.06,0.89,1
3.78,2.9,9.2,6.03,9.11,5.65,4.06,0.41,5.7,1.43,1
1.33,5.68,8.8,8.59,6.24,5.97,7.7,8.96,4.47,7.48,1
2.36,7.72,1.93,3.35,2.28,1.33,0.32,9.71,1.8,2.58,1
2.25,4.78,1.97,9.88,6.49,0.37,7.56,0.9,6.76,4.92,1
5.72,1.25,1.3,2.11,2.81,2.44,9.91,0.75,7.89,1.1,1
8.2,5.69,1.97,7.0,6.35,8.76,4.95,4.27,2.44,0.6,1
6.37,7.37,8.75,1.91,9.94,4.83,9.12,1.84,4.15,4.56,1
9.84,6.5,0.83,2.28,1.91,5.41,8.21,3.94,6.58,0.98,1
8.49,5.29,2.76,4.0,3.11,4.02,9.37,2.06,7.34,2.05,1
2.93,3.93,6.63,8.95,0.98,4.27,0.24,4.85,5.1,6.8,1
0.38,5.81,1.95,8.54,0.69,9.59,3.97,2.9,1.11,8.69,1
8.97,0.13,3.66,7.73,8.59,2.68,9.77,3.14,2.75,2.81,1
6.23,8.36,5.94,2.83,3.55,4.36,2.49,2.62,1.1,8.38,1
0.97,4.53,2.24,3.25,0.3,0.42,2.73,2.62,4.88,1.71,0
7.69,9.4,1.66,3.73,7.31,3.41,3.52,2.66,5.0,2.33,1
6.46,6.85,5.2,5.22,8.45,6.66,0.64,9.66,3.57,8.88,1
6.25,0.06,9.57,4.66,7.46,9.29,9.42,7.14,1.29,3.89,1
1.65,9.02,0.56,9.84,4.88,1.62,8.17,7.28,8.12,2.85,1
0.34,7.45,2.06,0.87,3.85,4.26,3.53,9.25,4.77,4.07,1
1.14,8.78,7.83,5.37,5.61,5.51,6.94,8.54,0.87,6.16,1
7.52,1.27,5.28,9.55,2.4,6.09,6.94,8.18,5.12,6.87,1
4.84,4.62,2.65,0.55,2.71,1.99,2.58,2.57,8.79,1.79,1
0.19,5.05,4.65,5.68,7.74,1.2,1.78,2.87,8.86,1.67,1
5.46,2.98,6.79,5.17,5.41,6.83,0.84,3.09,7.54,1.78,1
9.05,2.02,4.71,1.41,7.48,3.9,2.69,7.69,6.99,7.16,1
7.75,8.2,0.05,2.52,5.32,5.41,4.76,8.17,6.78,6.84,1
5.12,0.83,0.31,9.36,8.57,4.48,6.78,9.39,1.26,2.42,1
0.02,1.67,9.46,3.2,2.34,5.74,9.97,6.21,9.8,1.14,1
5.78,8.32,4.75,4.41,7.91,1.46,6.43,1.63,6.77,3.96,1
7.91,1.43,0.18,8.79,9.27,4.88,0.97,8.19,6.75,7.57,1
1.57,2.57,7.27,0.13,7.22,6.53,9.11,0.7,3.46,2.94,1
6.44,1.46,2.76,4.57,7.99,5.19,2.67,8.91,4.79,0.24,1
1.37,1.63,3.35,8.18,9.32,0.87,5.0,6.97,1.47,2.55,1
4.91,5.54,8.6,9.49,4.1,7.94,5.33,7.13,4.55,9.65,1
8.31,8.95,9.41,1.77,0.41,3.53,5.02,2.67,0.79,2.98,1
5.42,6.5,6.89,8.75,2.08,5.47,8.89,1.24,2.93,4.59,1
6.61,7.84,4.58,6.92,6.71,4.5,7.79,1.94,6.77,6.56,1
6.18,7.75,0.1,9.99,8.05,4.81,4.45,8.03,2.2,6.03,1
6.98,1.96,0.73,9.65,2.7,7.59,9.24,5.11,3.26,0.01,1
0.9,1.35,9.18,8.71,8.41,1.76,8.59,6.25,9.36,4.9,1
4.25,1.52,8.01,6.24,3.8,4.31,5.14,8.04,8.43,3.9,1
0.86,0.61,6.38,7.08,8.37,7.25,0.34,4.77,0.95,2.9,1
8.29,6.79,8.76,0.54,6.15,5.19,7.3,5.02,8.4,7.47,1
7.77,5.61,8.78,9.02,5.4,6.62,3.52,8.79,6.79,4.64,1
5.61,5.74,0.76,4.22,3.77,2.97,0.26,0.78,0.09,2.77,1
0.61,5.65,7.38,0.31,8.0,3.22,1.77,5.92,7.01,9.5,1
0.93,7.62,0.36,0.93,5.29,6.32,3.48,3.29,1.78,8.68,1
1.23,8.54,8.24,6.08,1.58,4.08,8.52,5.96,3.38,8.06,1
3.39,4.14,5.64,7.61,3.76,7.61,1.53,1.46,7.75,3.98,1
8.85,4.85,8.63,7.42,6.13,0.75,5.0,7.06,0.25,7.8,1
6.76,6.13,0.73,9.55,3.39,8.53,9.67,8.73,3.81,5.58,1
3.24,0.19,2.42,1.47,4.66,8.92,7.32,6.75,0.18,1.49,1
7.11,3.67,2.22,6.16,8.92,4.25,1.52,9.24,7.03,9.77,1
3.18,0.76,9.79,6.37,0.83,8.31,3.03,1.69,9.56,1.67,1
0.97,6.89,4.52,1.86,0.28,7.85,1.72,4.6,2.67,2.6,1
5.69,5.7,1.26,4.98,8.39,0.07,4.66,1.62,0.24,7.07,1
8.9,2.92,7.0,3.78,8.62,7.16,7.96,4.88,7.75,4.47,1
3.57,4.05,9.98,5.19,8.27,5.32,0.3,8.63,5.62,7.19,1
8.81,9.8,2.76,5.94,4.11,7.96,4.16,3.27,1.17,8.55,1
1.84,4.72,5.86,7.17,0.03,0.85,5.27,7.3,3.18,0.08,0
8.95,1.84,6.98,0.89,9.08,3.87,9.82,9.02,4.87,2.0,1
4.5,5.28,5.33,2.18,7.25,8.89,2.13,1.39,0.7,0.99,1
7.0,4.87,3.32,8.29,2.34,1.57,1.12,8.1,3.98,8.26,1
3.22,2.33,0.48,0.91,2.63,5.05,7.51,0.04,7.75,2.31,1
3.21,6.72,4.21,3.65,1.83,2.45,5.65,8.21,1.37,2.76,1
3.85,7.37,1.34,6.87,2.21,7.36,0.32,3.46,7.35,3.7,1
8.13,5.26,2.4,0.15,3.46,6.23,4.07,6.38,4.01,2.73,1
8.53,8.47,3.02,4.55,6.06,3.34,5.33,5.52,6.49,5.1,1
3.45,5.86,6.61,2.62,9.13,0.75,9.98,4.91,5.35,9.29,1
5.24,5.84,6.43,7.67,4.18,9.91,8.25,8.99,1.91,7.61,1
5.33,4.81,0.79,2.1,4.56,3.62,4.16,8.13,4.8,2.39,1
0.65,3.04,3.62,0.26,2.71,3.6,8.96,6.85,8.41,6.53,1
1.37,4.47,2.12,0.68,3.27,3.03,8.33,1.9,3.5,2.33,1
0.03,7.52,7.02,3.44,1.86,7.73,1.22,0.29,0.47,1.55,1
8.62,5.49,5.22,6.05,9.79,6.91,3.31,1.95,1.84,2.43,1
5.1,7.26,5.25,5.96,9.99,0.19,2.86,3.14,9.56,5.38,1
2.01,1.36,6.89,7.63,9.74,5.6,3.52,7.11,6.11,8.63,1
2.6,4.54,1.12,5.56,8.9,2.48,0.7,7.73,1.88,3.64,1
8.13,3.05,2.05,6.6,9.52,1.2,1.0,0.81,6.05,1.38,0
6.6,8.68,4.91,5.01,0.13,5.07,8.27,4.26,8.52,9.65,1
2.12,7.75,4.92,7.87,5.31,4.77,7.77,0.46,9.61,3.85,1
4.51,3.18,4.82,9.98,7.73,4.91,5.34,7.72,6.74,7.95,1
6.03,1.86,6.62,1.17,8.64,6.07,7.12,1.76,0.04,0.87,1
7.3,6.11,0.67,6.32,1.82,1.63,2.12,1.02,8.52,5.96,1
6.1,6.62,6.36,5.49,0.34,6.87,9.65,0.39,7.44,6.5,1
8.92,9.22,7.41,5.98,8.03,7.67,7.55,4.46,0.4,3.95,1
5.16,6.57,3.87,4.65,8.1,6.12,1.47,9.09,4.71,8.44,1
7.65,6.97,5.07,9.27,3.42,2.66,7.06,5.13,3.85,7.76,1
8.99,9.95,4.66,3.83,7.11,1.18,2.26,8.83,9.93,4.54,1
8.21,9.25,2.0,6.57,1.43,5.59,3.89,9.46,5.89,3.4,1
4.38,2.7,0.07,4.38,2.89,3.59,6.94,9.36,0.89,1.58,1
8.81,2.57,5.0,4.03,3.3,3.27,1.71,7.36,6.04,6.0,1
7.04,9.96,0.58,8.44,6.23,3.13,7.48,9.76,1.29,3.4,1
9.96,9.44,1.81,0.85,2.38,3.1,5.36,3.11,0.28,7.91,1
4.71,7.89,3.7,0.14,5.16,3.28,7.81,0.96,3.18,4.9,1
0.8,4.83,8.7,9.68,1.16,7.31,6.3,4.62,3.78,1.01,1
8.28,4.36,8.78,8.37,6.76,3.81,8.45,8.08,8.07,7.82,1
2.55,4.03,6.35,0.15,4.03,0.85,5.84,0.98,4.33,2.0,1
9.37,6.48,5.52,0.07,7.34,8.25,3.36,9.02,2.49,2.77,1
8.11,7.02,7.42,8.54,0.23,6.47,1.14,1.22,7.87,4.04,1
3.53,5.21,4.7,3.56,9.34,4.98,5.1,9.99,3.43,5.92,1
2.61,3.34,3.25,4.86,5.97,3.0,9.28,7.77,0.68,8.39,1
7.06,6.83,2.53,4.59,9.45,5.43,5.7,5.58,9.63,3.83,1
0.5,5.6,2.55,7.25,8.5,1.25,6.94,1.96,2.85,9.67,1
2.83,7.4,7.62,2.4,9.05,6.28,3.11,2.77,0.7,9.66,1
7.38,9.26,0.66,1.94,1.9,5.96,2.16,4.48,9.36,3.13,1
2.97,5.78,3.66,4.37,0.61,7.26,6.35,9.86,6.24,6.52,1
7.96,9.45,4.09,6.54,3.85,7.87,5.43,8.17,1.82,1.54,1
1.87,6.18,4.74,7.6,6.43,6.96,0.71,4.95,9.33,4.25,1
2.15,8.51,0.72,7.76,1.69,0.81,5.41,8.59,3.82,4.72,1
3.49,4.3,7.47,4.78,0.66,8.41,1.93,2.43,4.56,5.11,1
7.47,4.46,8.41,1.99,8.34,7.84,0.98,9.08,8.25,9.3,1
5.85,0.74,9.33,4.38,8.12,3.06,3.15,2.34,6.06,8.96,1
0.81,0.6,1.8,6.64,1.54,7.82,8.88,7.72,2.23,9.01,1
3.52,3.04,4.95,6.07,2.61,9.53,2.97,0.46,5.38,2.13,1
2.02,4.51,9.72,7.77,7.63,2.16,6.26,3.75,8.16,7.87,1
1.2,3.89,8.28,5.05,8.84,8.09,1.41,8.92,7.63,9.69,1
9.98,7.68,1.02,8.67,3.25,2.78,3.61,6.35,6.78,7.92,1
8.22,1.85,4.89,8.49,8.11,2.95,5.39,6.88,4.12,9.53,1
5.88,5.92,1.0,1.4,9.13,8.4,5.54,1.26,1.59,5.7,1
5.68,7.68,9.31,7.49,8.62,0.09,5.38,5.45,0.86,5.04,1
3.15,1.58,6.25,9.83,9.11,2.9,7.06,7.9,2.03,0.17,1
2.22,0.51,3.41,6.5,6.49,6.0,6.1,5.02,5.9,5.55,1
2.35,2.47,4.31,4.12,6.61,4.75,9.53,9.55,6.88,6.88,1
8.75,2.1,7.31,7.19,7.02,2.18,3.92,7.69,5.09,4.38,1
6.74,1.79,6.84,5.15,1.47,2.0,9.42,3.86,9.48,0.71,1
4.92,5.61,5.84,7.54,0.64,9.7,5.56,8.36,2.46,7.02,1
2.13,4.44,0.24,0.35,7.97,2.29,7.33,2.42,9.54,9.17,1
9.94,5.05,0.78,2.31,0.19,3.06,5.38,7.72,2.41,2.89,1
9.39,9.07,1.28,5.56,4.7,1.68,5.29,2.75,6.74,3.37,1
6.32,3.81,5.66,1.24,6.71,2.25,0.76,7.35,7.18,2.56,1
7.41,6.9,3.12,4.45,8.54,6.88,2.8,4.15,1.77,4.39,1
0.87,5.21,0.61,3.46,7.46,2.44,0.46,4.65,0.53,0.9,1
7.66,7.54,3.87,2.79,5.02,0.71,7.11,2.69,1.53,4.1,1
2.29,2.37,0.54,1.29,7.21,2.58,5.93,7.18,2.92,8.32,1
7.48,7.09,4.43,4.31,4.18,8.4,7.06,3.22,1.62,2.5,1
6.5,4.98,7.38,2.72,4.2,5.81,8.86,1.42,4.92,0.28,1
4.57,8.39,9.87,3.15,0.37,2.63,3.23,9.22,8.64,5.67,1
1.05,4.3,1.67,4.57,9.23,2.47,3.94,1.13,4.77,8.71,1
9.28,1.53,9.89,5.75,9.45,5.9,9.36,2.35,6.52,0.76,1
5.17,7.17,9.63,7.94,8.08,1.97,1.06,9.39,0.67,7.04,1
4.8,6.3,3.57,3.75,8.88,3.16,1.85,8.5,4.52,1.41,1
5.25,4.7,7.26,5.78,6.21,3.75,3.29,5.15,9.36,7.9,1
1.3,9.73,5.94,1.85,4.77,7.68,3.38,7.59,9.26,6.81,1
3.04,9.24,5.12,2.19,9.15,8.08,1.52,0.13,7.74,2.97,1
6.04,9.39,9.69,9.52,0.71,0.31,8.35,5.46,7.02,2.33,1
1.2,9.54,9.3,0.22,7.32,9.88,3.06,9.8,4.4,2.36,1
9.08,9.24,8.34,1.03,6.1,8.2,6.06,4.37,9.42,7.27,1
0.3,7.46,4.02,8.24,1.38,3.36,6.49,3.75,1.41,0.28,1
7.49,1.28,9.58,5.79,0.96,6.61,5.88,3.89,1.54,9.32,1
6.74,7.32,7.03,9.21,5.58,7.52,6.11,4.11,8.54,2.47,1
9.33,0.7,4.15,6.36,8.06,0.06,0.74,7.74,9.41,6.84,1
1.44,7.86,7.39,7.33,4.0,6.16,5.23,6.11,7.59,0.55,1
0.92,5.92,9.5,9.8,5.43,9.73,7.89,8.7,5.7,9.88,1
3.51,6.4,2.9,4.57,7.97,3.18,2.77,4.53,1.99,0.69,1
8.52,1.57,0.19,2.32,4.11,2.76,0.15,1.53,6.0,7.36,1
2.97,5.69,7.65,7.02,0.31,4.23,3.47,5.16,7.9,9.75,1
5.7,7.5,3.44,0.94,4.72,5.44,0.95,9.76,4.59,0.7,1
7.9,8.45,2.06,1.92,6.15,4.84,5.64,3.27,2.37,9.23,1
6.29,8.04,7.72,2.89,8.46,4.95,1.76,1.26,2.72,0.43,1
3.2,9.59,2.63,1.73,2.38,8.59,6.13,3.79,2.29,3.4,1
8.3,1.2,6.26,5.15,7.86,9.15,1.45,2.71,7.4,7.39,1
0.23,9.78,8.07,2.28,2.55,8.85,6.45,4.44,6.5,7.45,1
0.19,0.44,9.33,8.46,6.77,3.6,2.05,8.81,7.65,3.97,1
2.93,5.26,0.36,5.86,4.28,5.5,5.94,7.47,7.12,8.41,1
4.07,5.54,0.72,5.01,9.78,6.05,2.98,3.74,8.12,3.54,1
0.77,3.21,6.2,3.03,8.51,5.41,2.38,9.8,7.6,3.58,1
7.6,5.8,0.14,8.66,1.86,9.39,4.61,8.03,6.41,6.76,1
8.49,3.96,6.61,7.26,4.85,6.63,8.46,5.3,0.4,9.84,1
7.47,8.79,7.28,6.67,7.72,1.25,9.36,2.48,0.98,7.23,1
3.09,7.53,4.8,8.1,5.1,0.28,6.52,3.51,4.13,3.57,1
0.1,7.97,3.58,1.57,2.81,2.16,5.07,3.76,6.17,8.78,1
0.46,2.26,5.08,6.29,7.75,5.59,1.05,0.45,9.52,2.55,1
4.3,5.34,0.35,2.27,4.68,6.03,3.05,0.04,2.48,7.96,1
8.79,2.86,4.4,6.92,4.31,6.24,6.52,4.21,4.64,5.72,1
6.07,0.6,6.47,2.13,5.7,5.26,1.63,7.69,8.09,3.02,1
8.26,9.21,5.15,8.84,0.69,8.91,3.97,5.68,0.6,3.19,1
3.08,1.34,0.95,4.06,4.83,9.19,3.3,5.69,3.17,4.71,1
1.0,1.25,0.72,2.56,6.08,4.01,1.31,5.83,9.73,7.06,1
4.39,7.58,8.95,1.44,6.79,2.05,2.69,4.78,6.55,2.66,1
2.42,3.29,3.36,6.09,5.9,7.26,1.08,6.11,8.56,1.34,1
5.12,6.4,6.1,1.25,6.52,9.53,9.07,4.84,0.99,1.64,1
9.86,3.69,7.69,1.09,2.37,4.72,2.58,4.61,7.37,2.31,1
2.12,2.88,5.3,6.47,0.38,3.63,9.95,3.52,6.36,2.34,1
9.04,6.0,6.8,1.48,6.52,0.16,0.22,7.47,2.46,9.29,1
3.38,7.23,2.2,1.24,4.64,5.6,3.45,4.8,1.22,2.81,1
1.44,0.39,3.14,5.67,3.23,0.51,6.85,8.38,0.85,6.28,1
2.4,5.17,2.01,8.08,0.16,2.3,4.89,5.58,2.64,9.86,1
0.03,5.83,0.34,6.44,0.96,5.46,2.21,3.52,4.19,8.38,1
3.22,1.54,2.83,3.83,6.34,1.3,6.95,0.6,3.78,8.62,1
3.79,1.03,3.26,3.15,4.45,3.86,1.07,1.26,4.63,3.53,1
0.4,7.94,1.26,8.66,4.2,5.06,3.33,4.82,5.17,0.74,1
1.92,1.04,2.59,2.8,7.18,0.12,2.77,8.43,2.02,3.48,1
0.61,7.86,9.79,5.53,1.28,7.01,4.55,2.56,0.07,2.75,1
2.25,2.86,6.54,9.56,6.95,3.25,9.37,0.08,7.65,8.2,1
0.16,4.05,0.71,1.3,0.46,6.72,9.04,5.59,9.85,6.95,1
8.66,9.22,4.49,9.0,5.22,3.64,0.21,1.36,1.08,8.01,1
7.67,5.53,3.97,7.71,2.99,1.69,9.88,9.35,7.02,0.47,1
9.71,8.96,8.05,5.5,7.86,1.21,9.18,4.57,4.84,6.51,1
0.17,1.29,1.9,0.39,5.5,7.93,4.64,7.92,9.24,4.01,1
3.7,8.84,5.65,2.66,5.66,9.88,4.23,1.47,0.22,3.77,1
3.34,1.09,5.5,6.62,0.08,9.81,5.99,4.61,9.4,6.44,1
5.21,3.62,4.14,0.15,9.12,0.45,1.42,8.22,2.99,6.03,1
9.0,8.14,0.43,1.52,1.16,0.88,8.26,6.99,9.2,1.9,1
4.06,1.74,2.32,0.72,6.35,7.57,2.44,4.55,8.81,0.45,1
4.03,8.09,5.87,9.38,5.71,7.84,3.6,9.9,0.07,0.21,1
9.59,5.55,3.86,0.6,4.97,5.34,1.73,0.04,0.88,1.68,1
3.69,6.03,5.28,7.52,4.35,0.98,8.33,0.14,3.61,1.42,1
2.07,7.03,8.27,9.23,3.54,8.2,0.6,8.04,1.07,8.11,1
9.68,1.36,7.29,6.66,6.47,4.8,0.05,9.13,1.35,6.37,1
4.51,9.45,3.37,0.78,1.41,6.16,5.59,2.55,4.28,6.01,1
0.79,7.4,6.94,0.86,8.1,6.41,0.46,7.56,5.3,2.54,1
0.99,4.46,8.64,2.57,3.77,4.46,5.28,3.53,5.14,1.0,1
0.56,3.74,2.04,9.75,1.8,3.07,2.33,4.59,9.07,6.24,1
3.54,0.76,7.08,1.23,4.88,0.53,0.7,0.8,3.43,5.14,1
9.02,3.03,3.43,9.04,2.33,7.45,8.92,8.78,7.32,7.84,1
2.9,6.59,3.3,8.6,7.69,8.37,4.19,7.12,8.62,8.8,1
9.73,0.2,5.13,0.84,2.23,4.32,9.25,7.52,7.09,7.05,1
3.74,1.07,9.01,6.28,0.86,6.38,2.45,7.4,9.53,8.39,1
3.33,5.95,0.05,3.08,7.42,0.82,7.26,7.88,8.1,9.23,1
6.82,7.89,8.05,1.29,8.81,7.24,7.1,5.57,0.46,1.83,1
6.85,1.02,9.55,7.15,4.65,5.82,5.65,4.38,3.17,7.68,1
0.28,6.64,2.87,7.33,3.9,8.38,9.33,6.3,1.59,8.76,1
0.62,8.39,1.46,2.27,4.91,6.51,4.86,5.4,2.76,4.97,1
2.96,1.6,6.11,0.03,1.82,1.64,9.85,7.48,1.82,5.0,1
2.36,0.19,0.78,1.48,9.72,3.48,4.35,3.87,3.19,5.95,1
6.99,9.58,8.56,1.71,2.16,0.88,8.99,0.2,9.98,0.93,1
5.73,3.58,9.57,8.16,1.21,9.87,9.5,0.44,2.43,7.43,1
7.81,8.92,7.57,9.13,5.15,1.73,1.28,8.41,8.56,8.25,1
2.5,6.89,5.57,6.07,5.92,0.83,5.96,7.93,5.69,0.71,1
4.72,4.33,0.35,9.6,9.32,2.48,2.92,2.95,7.23,8.61,1
6.59,6.61,7.01,0.3,3.5,8.26,5.26,1.3,1.91,3.6,1
8.85,3.13,9.49,5.97,0.42,8.64,2.66,7.54,3.6,2.44,1
7.32,7.28,5.64,6.44,7.77,2.55,5.57,5.82,8.46,6.04,1
9.5,6.89,0.19,2.4,3.71,8.52,3.82,5.26,0.93,8.34,1
9.23,1.95,5.12,0.69,3.93,1.54,9.05,4.66,0.25,0.43,1
5.23,9.92,9.95,4.19,8.48,0.71,1.89,1.41,7.79,8.01,1
0.23,0.75,2.33,6.32,0.24,9.51,6.8,3.94,9.44,8.91,1
7.3,9.3,5.95,6.27,9.11,5.07,1.78,6.37,8.4,4.26,1
3.86,6.6,0.32,1.95,2.49,9.51,9.02,8.16,1.17,7.95,1
7.26,6.07,2.51,6.78,4.28,9.02,6.09,3.29,8.15,5.41,1
9.49,4.41,8.12,2.12,6.04,8.41,4.4,1.24,2.41,3.94,1
8.68,2.75,7.89,4.01,7.92,1.98,4.11,2.5,9.64,1.91,1
0.93,4.13,9.98,5.06,6.18,8.33,6.59,9.95,1.07,5.7,1
5.93,7.57,7.32,6.8,7.51,2.81,4.32,6.97,9.4,1.76,1
8.81,3.02,1.5,6.03,8.77,6.6,8.72,7.86,1.58,6.91,1
7.96,1.06,5.17,3.0,3.08,2.64,0.79,0.51,3.28,8.93,1
7.37,1.83,2.18,7.92,1.68,2.54,8.81,4.75,8.91,7.56,1
9.23,2.8,8.0,5.55,6.95,1.3,0.91,6.09,2.13,0.7,0
3.64,2.06,4.96,8.69,0.65,9.42,7.99,9.17,9.68,2.3,1
8.21,2.75,0.61,5.47,1.56,7.08,7.78,6.19,9.97,7.36,1
1.99,3.97,9.57,6.24,1.09,1.23,6.11,4.58,8.98,3.16,1
5.81,7.63,5.93,3.01,4.99,2.39,6.37,8.82,3.62,6.67,1
3.69,2.44,7.81,7.08,1.21,3.56,4.1,8.66,2.68,9.68,1
4.78,2.38,8.21,6.4,5.84,6.8,1.23,7.94,2.31,3.58,1
0.93,1.13,4.16,6.7,9.12,5.84,3.29,3.0,9.1,9.61,1
1.31,5.22,1.3,7.28,7.07,7.22,9.58,5.71,2.12,6.47,1
9.28,9.34,6.63,0.9,9.28,2.69,3.93,9.85,1.28,7.16,1
2.33,7.59,4.3,0.05,8.4,3.87,1.33,0.94,3.76,8.44,1
1.55,2.6,8.26,2.79,7.03,1.77,3.13,4.92,4.14,3.07,1
4.75,8.19,9.27,1.24,4.1,8.41,6.93,4.24,5.08,6.22,1
3.36,2.81,1.82,3.39,5.65,0.77,3.53,1.79,4.34,7.73,1
0.18,5.49,2.89,5.18,9.3,2.97,3.1,5.91,2.93,4.18,1
4.81,8.11,6.67,0.7,8.71,2.91,5.56,5.11,6.46,8.74,1
8.71,4.03,1.87,9.76,2.29,4.85,6.26,6.15,7.47,0.28,1
5.98,7.25,9.42,6.8,8.21,0.88,1.24,3.94,0.01,7.88,1
1.19,1.39,9.93,8.62,6.8,7.01,3.95,8.82,1.31,2.05,1
0.83,7.79,7.37,5.94,0.89,9.98,0.4,0.45,6.46,5.41,1
9.26,5.76,1.49,9.6,3.28,6.1,3.97,3.93,8.82,7.4,1
1.76,6.58,7.96,0.34,9.18,1.56,5.11,3.57,9.92,0.42,1
7.77,1.78,7.29,9.82,8.1,1.09,3.1,1.08,8.87,2.36,0
9.04,6.14,7.41,8.21,3.21,9.13,4.28,7.97,2.14,3.62,1
2.45,4.12,5.28,0.91,9.62,7.92,2.3,3.38,8.47,0.14,1
1.73,7.27,6.96,0.95,4.84,3.13,2.99,8.4,0.87,7.73,1
2.45,3.53,9.08,4.36,4.71,0.59,6.12,2.51,4.11,6.81,1
5.14,8.83,7.35,3.66,9.39,9.22,4.91,1.92,7.69,4.93,1
5.16,8.51,7.12,9.58,5.43,7.66,3.34,1.46,5.8,4.24,1
1.32,8.19,6.52,6.53,9.83,3.48,8.4,5.31,2.32,5.57,1
1.76,6.35,0.49,3.87,7.63,2.39,6.88,3.49,2.86,4.02,1
5.68,9.97,9.14,6.59,0.98,0.63,0.34,4.73,4.37,3.16,0
8.12,1.75,8.98,6.77,5.82,1.83,5.77,9.95,4.57,8.95,1
2.38,2.48,1.6,0.29,6.37,9.25,2.25,9.27,4.89,1.26,1
1.61,5.44,1.15,7.42,8.8,7.91,6.42,0.92,0.03,1.9,1
5.41,0.78,6.89,0.7,2.52,8.52,1.88,3.94,3.59,3.95,1
8.35,9.31,4.11,7.13,4.68,3.86,9.04,6.33,7.4,5.96,1
5.23,1.08,1.16,3.66,2.22,7.28,8.01,1.82,7.92,8.29,1
1.94,8.17,7.81,7.96,2.95,4.64,3.32,8.45,1.54,3.51,1
2.1,2.7,2.7,8.68,4.01,6.72,5.77,8.38,5.68,2.62,1
1.98,6.81,1.82,6.95,7.08,2.28,8.67,2.23,1.58,5.9,1
1.65,8.27,7.56,0.94,7.12,2.13,6.48,0.97,3.12,5.23,1
6.0,3.64,7.54,1.95,5.16,8.55,8.36,3.38,7.35,6.48,1
3.5,9.04,1.36,6.34,7.34,1.92,9.38,1.9,7.59,6.98,1
0.54,6.7,7.02,8.47,7.52,6.85,6.99,9.99,4.99,8.02,1
7.27,8.47,5.51,3.72,0.32,4.76,2.32,7.12,8.94,0.99,1
6.26,2.28,0.82,5.29,5.99,8.11,7.69,5.96,9.32,5.08,1
6.21,5.44,5.67,1.38,3.82,7.18,1.33,9.4,1.89,3.85,1
3.37,7.9,4.16,0.62,1.29,2.08,0.34,6.75,7.11,1.92,1
7.65,9.37,9.26,3.15,2.77,6.96,9.39,2.24,7.89,2.54,1
8.5,8.81,1.62,0.99,6.63,1.51,9.63,2.05,7.0,7.13,1
1.61,3.6,7.33,7.8,7.87,9.12,1.29,7.53,5.4,2.47,1
7.08,0.93,0.17,3.98,4.0,2.96,0.05,5.19,9.69,5.65,1
6.76,4.69,1.84,1.77,4.42,5.35,4.19,5.78,9.12,9.62,1
5.56,3.86,5.08,2.44,7.54,7.81,1.18,8.98,6.35,3.56,1
8.46,6.94,6.48,1.96,3.23,2.7,9.89,8.37,2.27,6.69,1
2.2,0.01,8.17,2.85,1.66,5.1,8.87,9.8,0.25,8.71,1
0.03,7.01,8.92,9.01,4.6,0.02,1.71,3.17,9.31,9.25,1
7.54,9.19,7.7,9.53,6.87,7.29,8.05,3.5,8.15,1.81,1
0.05,0.7,8.99,0.77,7.1,3.42,2.68,2.22,0.51,6.04,1
1.05,8.54,5.75,8.48,7.98,8.89,9.09,2.5,2.64,9.42,1
5.28,1.52,9.53,8.87,8.72,0.24,6.07,0.02,7.35,3.63,1
8.59,4.79,3.79,7.64,6.6,3.07,1.16,3.19,0.02,3.55,0
9.84,7.91,9.11,3.53,3.81,0.22,8.45,9.49,0.88,4.06,1
7.96,6.57,2.43,6.24,5.13,2.37,4.79,5.12,4.56,0.77,1
8.71,1.1,9.85,4.82,5.22,7.03,6.4,1.6,4.38,1.39,1
1.05,8.22,9.14,0.81,8.4,7.9,6.49,8.71,0.06,2.56,1
7.95,1.0,2.28,5.81,4.93,6.27,4.23,3.81,4.26,4.44,1
5.62,2.08,0.3,5.69,9.52,4.28,0.66,0.33,1.31,9.95,1
2.24,2.45,8.42,4.61,6.6,1.56,4.6,2.29,2.77,6.35,1
